[
  {
    "id": "3e7f9b88-4d1e-4c2a-9f41-6a9d9f1d1111",
    "name": "Cuade",
    "price": 3.424231423424442e+32,
    "createdAt": "2025-11-18T10:00:00.000Z",
    "updatedAt": "2025-11-25T18:07:32.938Z"
  },
  {
    "id": "9c2b6e22-5f3a-4a44-8a7d-92f2c3d22222",
    "name": "Lapicero azul",
    "price": 3500,
    "createdAt": "2025-11-18T10:01:00.000Z"
  },
  {
    "id": "d13a7f55-6bd8-4c9e-8c3d-b7e5aa333333",
    "name": "Resaltador",
    "price": 5000,
    "createdAt": "2025-11-18T10:02:00.000Z"
  },
  {
    "id": "6952c503-f26a-4f39-8216-3395bed0399a",
    "name": "Cuaderno rayado grande",
    "price": 12000,
    "createdAt": "2025-11-25T18:05:40.737Z"
  }
]